0,61,16,14,1991-03-30,288,1,185,7
1,61,159,8,1992-05-26,511,0,214,2
2,59,101,6,2014-09-06,372,1,346,5
3,57,358,10,1983-07-21,275,0,305,7
4,76,951,4,1957-08-27,386,0,271,2
5,41,323,11,2012-11-22,336,1,325,6
6,71,658,14,1964-07-29,459,1,211,4
7,33,735,2,2010-01-30,352,1,389,3
8,30,784,4,1971-04-11,553,0,355,7
9,51,711,1,2002-05-22,475,0,145,4
10,21,384,6,1977-07-03,390,1,269,6
11,33,431,14,1971-08-08,481,1,219,2
12,26,309,0,1950-04-02,566,0,395,10
13,88,196,7,1976-07-04,355,1,416,10
14,45,442,1,2013-06-12,504,1,209,5
15,92,858,6,1979-08-04,348,1,338,8
16,96,177,7,2007-02-21,465,1,209,8
17,60,179,0,1916-01-08,478,1,209,4
18,29,894,11,1978-02-07,404,1,305,9
19,65,745,6,1993-06-04,363,0,181,9
20,36,587,14,2006-06-14,319,1,188,6
21,97,518,10,1963-08-11,344,1,73,9
22,69,792,8,1994-09-10,594,0,143,4
23,18,546,4,2009-01-24,363,0,359,10
24,89,184,2,2020-09-01,431,1,145,3
25,50,842,2,2008-04-04,545,0,136,1
26,88,421,10,1968-07-03,379,0,239,1
27,26,356,5,2013-02-07,260,0,141,3
28,91,464,8,1991-05-26,476,1,248,10
29,26,506,3,2020-04-14,518,1,201,10
30,98,166,4,2006-10-25,396,1,297,4
31,24,715,14,1945-10-30,288,0,97,7
32,8,690,3,1988-08-15,218,0,205,7
33,11,374,3,1988-03-29,431,1,129,1
34,97,359,0,1923-03-21,230,1,396,2
35,2,801,13,1970-11-20,433,0,160,9
36,32,142,9,1992-08-01,513,1,411,4
37,83,857,10,1945-06-11,410,1,211,4
38,4,602,5,2010-03-19,324,1,304,9
39,28,656,12,2001-10-14,428,1,196,6
40,38,224,10,2019-09-18,341,0,347,5
41,75,180,13,2007-11-20,232,0,329,10
42,66,448,11,2007-05-12,605,0,118,3
43,34,379,4,1987-08-27,331,0,206,9
44,49,66,7,2021-04-20,331,0,332,10
45,45,67,13,1973-08-17,381,0,123,1
46,68,371,3,1996-09-04,189,0,272,6
47,55,351,4,2021-10-09,393,0,359,3
48,43,934,0,1946-01-02,543,1,232,1
49,0,28,8,2003-11-23,412,1,340,8
50,52,201,10,1972-06-29,237,0,258,10
51,44,924,4,2005-11-07,464,1,290,9
52,24,864,6,2007-09-05,418,0,173,8
53,38,299,14,1989-01-27,330,0,337,7
54,67,234,3,2010-04-11,372,1,115,9
55,13,980,10,1963-05-20,287,1,73,4
56,85,830,6,1977-08-07,407,0,211,3
57,68,301,8,1957-04-22,206,1,162,4
58,22,505,5,1962-01-05,452,0,283,4
59,11,314,5,1960-04-10,371,1,196,10
60,22,114,9,2015-06-04,444,0,236,8
61,14,19,8,1994-11-11,307,0,233,4
62,48,669,2,2000-09-10,450,0,330,6
63,54,890,13,1998-03-08,417,0,305,2
64,55,182,14,1950-08-15,395,1,197,4
65,86,42,3,2001-12-23,355,0,154,6
66,22,423,12,1988-02-29,291,0,248,1
67,72,123,1,2015-09-22,296,1,343,10
68,10,96,9,1983-07-28,470,0,241,1
69,78,447,11,2021-12-26,376,1,292,1
70,43,306,8,2001-05-16,428,1,304,7
71,53,836,1,2016-08-23,487,0,217,7
72,16,930,14,1953-03-16,306,0,312,5
73,21,966,14,1974-07-09,417,1,155,5
74,80,791,8,2022-02-13,373,1,231,7
75,79,877,3,1993-01-28,792,1,191,5
76,97,657,11,1994-07-20,461,1,263,4
77,32,848,13,1984-05-18,737,1,255,4
78,21,260,7,2003-10-01,465,1,155,9
79,21,319,7,1975-06-11,449,0,209,2
80,52,644,11,1963-01-24,547,1,405,4
81,82,96,14,1954-04-08,450,1,277,1
82,16,262,4,2020-01-02,460,0,204,8
83,48,178,14,1970-04-10,582,1,174,5
84,76,900,0,1959-11-16,389,1,293,10
85,91,710,14,2007-08-06,388,1,338,9
86,93,917,6,1996-08-04,343,0,334,10
87,72,208,4,1960-11-04,502,0,330,7
88,13,174,9,2022-04-11,352,0,374,1
89,40,240,12,2014-05-14,401,0,3,7
90,74,827,6,1996-06-10,416,0,313,2
91,10,383,8,1960-03-19,502,0,154,3
92,69,833,8,2022-04-28,389,0,254,6
93,32,798,13,2007-08-03,338,0,310,2
94,54,926,5,1934-12-19,427,0,216,6
95,91,9,12,1961-01-24,571,0,233,1
96,90,754,14,1953-02-26,152,1,312,2
97,22,567,7,2002-01-17,474,0,212,5
98,36,405,2,2022-08-07,391,1,71,1
99,38,108,0,1968-01-14,273,0,169,3
100,13,468,5,1930-06-23,358,1,319,8
101,24,779,3,2000-02-05,452,1,258,3
102,79,657,11,1970-02-15,440,0,0,1
103,72,146,1,2005-07-11,288,1,174,10
104,92,104,13,1995-09-12,290,1,272,1
105,38,484,8,2009-08-25,257,0,99,5
106,79,86,12,2011-08-25,429,0,308,3
107,1,538,7,2005-03-09,384,1,308,3
108,69,595,6,1989-06-13,458,0,193,4
109,7,212,6,2002-08-29,421,0,329,4
110,49,483,9,2005-09-11,281,1,256,4
111,6,890,3,2004-12-01,253,0,461,8
112,68,100,9,2000-06-20,318,0,173,5
113,89,989,12,2016-12-02,433,1,50,7
114,84,285,2,2016-06-23,444,0,252,1
115,69,797,3,2003-09-01,454,0,314,3
116,82,745,14,1997-08-06,291,1,266,10
117,75,90,14,1995-10-29,456,1,137,7
118,77,719,5,2007-11-11,322,0,205,10
119,1,587,2,2018-12-22,535,0,417,10
120,96,668,11,1993-12-18,315,0,238,9
121,55,916,9,1987-08-21,425,0,225,8
122,23,305,9,2012-06-16,441,1,31,1
123,5,40,12,1981-01-09,508,1,423,2
124,10,702,9,1998-12-06,356,0,349,10
125,65,540,8,1996-01-04,422,1,265,7
126,94,926,7,2014-02-25,405,1,114,9
127,31,755,2,2000-09-25,451,1,257,6
128,67,995,8,1948-02-12,453,1,149,4
129,67,907,13,1971-07-01,370,0,310,7
130,27,449,13,1954-03-09,382,1,392,1
131,96,990,4,1953-01-02,462,0,29,3
132,88,985,4,1995-05-19,400,0,279,5
133,87,956,1,2008-05-02,320,1,253,3
134,87,492,2,2006-12-27,625,1,407,8
135,13,495,11,2011-08-10,376,1,244,1
136,60,847,6,2002-11-24,420,0,272,5
137,25,496,3,1978-02-11,426,1,278,8
138,23,209,12,1990-07-13,434,0,188,2
139,62,950,7,1969-01-19,581,1,223,2
140,65,977,14,1977-06-22,612,1,99,5
141,4,32,10,1959-04-16,252,0,208,6
142,23,320,10,2020-05-19,423,1,335,5
143,31,188,1,2011-11-20,490,0,167,10
144,81,668,5,1944-06-20,416,0,197,6
145,98,453,12,1987-01-11,356,0,241,7
146,81,823,0,1912-10-05,354,1,99,6
147,67,901,8,1989-05-21,383,0,272,1
148,30,612,6,2004-04-11,442,1,108,9
149,96,797,4,1952-03-30,403,0,238,2
150,81,20,11,1998-09-04,451,0,141,6
151,99,751,7,1996-09-17,532,0,158,7
152,82,396,3,1987-12-07,430,1,70,3
153,25,330,0,1953-02-28,310,0,56,8
154,81,322,11,1972-08-19,374,1,141,6
155,53,753,14,1982-09-20,477,0,225,7
156,75,677,11,1997-08-27,386,0,46,6
157,69,226,6,2011-11-14,307,0,415,9
158,77,284,12,1957-01-09,354,0,164,7
159,36,57,4,1978-03-14,299,0,256,5
160,49,42,8,2004-01-20,496,1,220,1
161,29,939,9,1983-11-14,320,1,39,6
162,46,739,7,2009-08-03,370,0,94,8
163,37,415,3,2008-06-07,443,0,235,3
164,73,213,6,2017-10-05,472,0,264,10
165,90,355,0,1938-01-27,274,1,270,7
166,13,187,8,2008-10-25,569,0,297,8
167,7,946,13,1995-10-06,500,0,303,8
168,72,206,13,1980-10-25,447,0,246,3
169,77,588,1,2016-08-11,243,1,96,6
170,58,341,11,1989-12-29,305,1,361,4
171,3,821,7,1991-12-15,480,1,204,2
172,10,754,11,2000-02-01,318,1,342,2
173,77,772,1,2015-11-09,299,1,325,8
174,80,956,10,2011-08-29,500,1,268,5
175,30,214,4,1983-04-25,457,1,183,3
176,11,850,7,1993-11-03,397,1,338,5
177,77,961,0,1928-05-25,348,1,187,2
178,60,383,2,2013-05-27,479,0,84,10
179,32,338,14,2021-06-19,338,0,134,2
180,66,771,14,2016-08-23,374,1,254,4
181,84,818,1,2007-06-25,260,1,281,4
182,30,538,7,2013-01-10,448,0,308,2
183,94,467,6,1979-03-22,398,1,117,5
184,21,798,10,1947-02-17,366,0,560,4
185,93,838,4,1990-11-27,541,0,241,9
186,31,922,5,1911-02-11,469,1,87,6
187,22,335,8,2004-05-21,344,1,271,10
188,70,899,3,2017-06-15,283,0,503,7
189,38,817,1,2002-11-17,302,0,479,3
190,95,335,14,1947-07-08,460,0,232,8
191,69,614,7,1967-02-12,424,0,208,1
192,81,993,4,1974-10-14,218,1,244,4
193,7,154,14,1976-04-29,607,0,118,8
194,21,287,1,2013-07-06,277,0,307,7
195,97,923,7,2015-04-24,151,1,304,1
196,54,993,14,1990-08-27,375,1,301,9
197,79,326,11,2006-11-05,275,0,256,4
198,53,388,0,1922-10-01,438,1,308,7
199,72,785,12,1994-06-19,639,1,175,9
200,33,927,14,1970-07-29,469,1,268,9
201,82,65,0,1936-03-30,339,0,312,6
202,31,384,11,1961-10-05,227,0,300,4
203,50,895,14,1976-02-01,458,1,314,5
204,55,90,10,1995-02-24,526,0,268,2
205,46,701,0,1941-01-23,306,1,0,1
206,14,623,6,1995-08-01,476,0,358,7
207,21,330,0,1932-09-05,299,0,316,10
208,11,435,4,1960-10-31,365,0,151,6
209,91,701,0,1998-09-26,559,1,164,9
210,89,755,1,2007-11-12,191,0,425,3
211,39,913,11,1973-02-04,424,0,328,6
212,21,61,14,1957-07-09,300,0,365,5
213,93,200,3,1978-03-24,485,1,268,1
214,34,882,13,2016-12-15,205,1,129,3
215,75,397,4,1964-02-10,500,1,289,9
216,90,87,3,1992-04-05,304,0,335,5
217,48,802,9,1996-12-26,342,0,431,1
218,88,633,9,2003-11-12,497,1,235,9
219,65,105,12,1982-08-24,497,1,224,9
220,45,695,5,1952-05-27,318,0,206,8
221,87,605,2,2007-01-15,405,1,42,10
222,87,222,6,2002-05-16,422,0,129,2
223,60,395,6,1992-04-10,218,0,300,8
224,98,907,6,1989-08-11,329,1,237,6
225,51,44,4,1967-06-14,546,0,165,5
226,52,869,5,2008-01-21,550,0,429,5
227,56,661,10,2006-09-21,318,0,235,3
228,45,296,8,1994-03-19,238,1,243,8
229,23,569,8,1958-05-06,443,1,271,4
230,8,32,14,1998-12-30,221,1,197,3
231,54,636,5,1976-03-15,551,1,358,9
232,94,862,1,2021-04-06,413,0,364,1
233,63,893,0,2005-12-16,475,1,205,10
234,52,91,7,1987-04-06,488,1,356,6
235,27,413,2,2007-10-06,275,0,89,2
236,28,264,10,1996-02-23,357,1,299,6
237,56,413,10,2002-04-05,345,1,223,7
238,35,48,6,1985-06-01,358,1,271,6
239,49,818,9,2000-11-02,89,1,452,7
240,97,903,14,1945-06-27,453,1,243,6
241,3,655,2,2020-04-28,561,1,201,6
242,2,616,5,1948-02-03,343,0,56,1
243,86,321,11,1963-10-19,552,0,0,9
244,96,271,14,1957-09-27,323,0,265,3
245,21,531,2,2021-08-16,448,0,148,1
246,50,118,8,1964-01-25,241,1,380,9
247,15,126,7,2005-06-05,408,1,256,6
248,55,734,12,1980-01-09,234,1,167,3
249,36,201,5,1949-07-08,455,0,420,4
250,49,858,9,2002-06-01,471,1,487,3
251,86,829,10,1981-07-28,451,1,285,4
252,31,62,4,1958-09-13,472,0,185,6
253,3,459,0,1966-08-16,415,0,426,6
254,95,45,0,1964-08-12,425,1,148,9
255,71,803,14,1961-12-27,381,0,192,5
256,47,862,6,1992-09-01,289,0,111,8
257,12,287,5,1967-12-19,389,1,332,4
258,73,689,5,1991-03-12,357,0,231,6
259,85,775,11,1984-07-18,482,0,73,6
260,1,937,13,1964-01-26,273,1,245,6
261,48,841,5,1907-03-24,411,0,199,1
262,62,369,8,1990-12-12,102,0,305,6
263,70,308,2,2008-12-15,385,0,99,2
264,85,54,10,1978-06-05,367,0,272,2
265,61,894,3,1995-09-19,396,1,172,4
266,35,822,5,2015-06-08,271,1,261,2
267,99,648,8,1968-05-19,573,1,27,1
268,83,18,10,1955-11-18,440,0,184,8
269,96,40,9,2008-02-18,389,1,221,6
270,39,655,5,1958-09-18,537,0,36,3
271,51,83,10,1960-02-26,397,1,241,7
272,51,539,4,1952-07-11,542,0,240,9
273,64,78,0,2015-02-15,371,1,326,8
274,42,302,3,2003-01-06,324,0,362,3
275,49,247,5,1990-08-15,231,1,179,5
276,44,504,8,1957-01-02,141,1,262,3
277,94,863,6,1985-12-16,442,1,322,6
278,64,930,9,1999-05-01,273,1,301,2
279,52,78,6,2011-09-20,410,0,186,7
280,72,692,9,1987-06-21,390,1,145,3
281,82,626,7,2019-11-22,453,1,183,3
282,0,340,2,2016-11-14,456,1,351,7
283,75,158,3,1992-11-24,385,1,180,8
284,4,165,9,2000-12-16,298,0,251,5
285,22,260,12,2011-05-29,416,1,326,2
286,97,261,9,1988-10-17,462,1,471,9
287,12,56,2,2013-04-27,506,1,183,10
288,7,14,10,2020-04-29,339,1,342,8
289,26,96,0,1952-01-03,477,0,363,7
290,33,969,2,2013-04-14,421,0,198,1
291,88,609,11,1969-07-10,288,1,236,8
292,29,841,8,1994-06-08,309,1,169,8
293,30,301,13,1982-10-22,247,0,181,10
294,17,816,4,1971-03-04,323,0,118,4
295,32,60,4,2006-09-24,398,0,258,8
296,58,546,14,1950-02-09,441,0,445,2
297,27,675,8,1978-02-26,353,0,140,8
298,56,748,10,1972-07-29,360,0,288,4
299,21,516,2,2012-12-15,168,0,212,7
300,59,462,10,2018-05-09,370,0,285,5
301,32,978,6,1981-01-05,315,1,330,6
302,14,145,5,2018-03-14,457,1,209,9
303,94,171,8,2007-02-24,357,0,46,8
304,90,459,8,1998-04-10,288,0,456,5
305,77,588,4,2002-02-21,330,1,144,7
306,54,147,13,1959-10-13,435,0,366,8
307,59,704,9,2007-08-05,435,0,284,5
308,28,266,0,1955-12-22,448,1,302,4
309,94,869,8,2022-01-02,464,1,189,8
310,11,714,7,2000-06-14,381,0,234,3
311,8,622,8,2008-03-02,428,0,90,3
312,2,482,1,2019-10-08,518,1,526,4
313,30,175,6,2017-11-23,325,1,324,5
314,6,122,14,1956-08-27,345,1,123,3
315,64,885,0,1936-06-28,403,1,218,2
316,24,588,14,1984-10-16,386,1,72,5
317,60,50,4,1960-11-10,296,1,130,2
318,95,317,4,2016-03-03,247,1,334,10
319,27,424,6,2006-07-19,321,0,373,6
320,57,852,13,2005-05-18,535,1,299,3
321,82,468,2,2012-09-12,353,0,175,5
322,75,72,7,1992-01-23,451,0,164,7
323,66,351,2,2000-01-20,555,0,422,1
324,9,878,6,2006-11-03,339,0,303,5
325,99,112,7,1989-10-06,460,0,396,9
326,66,929,9,2022-01-10,150,1,394,1
327,24,650,8,1955-02-08,519,0,243,4
328,65,240,2,2019-03-11,276,1,259,9
329,5,33,8,1973-11-30,508,0,188,8
330,62,600,0,1912-02-07,324,0,113,2
331,31,896,5,1981-06-15,428,0,316,3
332,19,437,8,2021-11-19,372,0,317,3
333,64,641,8,1995-05-28,428,1,325,8
334,97,395,3,2005-12-18,382,1,191,8
335,55,655,7,1972-01-22,505,0,358,8
336,77,132,6,1983-01-11,746,0,108,7
337,98,15,6,1999-06-11,576,1,254,4
338,68,824,8,1963-07-09,331,1,163,6
339,55,376,7,2010-05-25,418,1,372,6
340,12,44,5,2000-01-08,478,1,209,2
341,90,693,7,1974-09-02,416,1,244,7
342,74,698,13,1972-04-20,270,1,259,1
343,92,488,0,1919-07-25,480,0,180,1
344,89,403,5,2013-03-30,473,1,232,9
345,33,355,1,2004-08-13,491,1,380,1
346,73,588,9,1985-09-18,584,1,286,2
347,9,650,7,2012-04-30,615,0,281,4
348,81,566,10,1967-01-25,506,0,238,1
349,5,433,9,2000-06-03,549,0,361,6
350,56,697,0,1915-08-10,372,0,247,6
351,79,943,8,1994-10-12,175,0,260,9
352,19,663,11,2014-05-15,247,0,267,10
353,1,863,0,1919-05-21,573,1,246,2
354,19,986,1,2005-10-28,278,1,281,9
355,43,498,9,2007-11-11,555,1,232,5
356,51,40,2,2000-12-10,467,1,227,8
357,95,230,3,1991-03-28,541,0,182,4
358,98,625,6,2010-02-22,483,1,138,10
359,78,267,8,1956-10-19,417,0,307,4
360,60,621,13,1961-07-18,457,1,114,1
361,79,555,8,2002-09-06,448,0,251,9
362,23,383,13,2018-04-30,199,0,325,3
363,34,113,1,2001-03-26,398,1,264,8
364,88,44,2,2003-07-08,580,1,349,8
365,57,557,6,2014-04-03,398,0,301,3
366,26,944,0,1943-04-12,238,1,123,3
367,92,648,7,2008-04-08,498,0,63,4
368,11,303,7,2002-09-02,366,0,146,6
369,81,476,9,2009-03-22,335,0,218,7
370,63,761,11,1977-08-14,373,0,263,1
371,77,769,2,2016-04-28,571,0,304,10
372,49,504,9,2010-02-25,539,1,314,8
373,17,34,10,2015-01-25,243,0,479,4
374,81,177,7,1978-12-04,292,1,145,4
375,68,404,5,1906-07-19,339,1,231,10
376,43,718,3,1983-12-30,314,0,134,7
377,40,599,1,2009-06-28,348,0,204,6
378,10,200,12,2017-12-30,423,1,144,4
379,11,166,4,1959-07-17,496,0,218,3
380,35,719,6,2010-03-13,478,0,248,2
381,69,275,0,1939-10-20,513,1,133,9
382,54,906,9,1997-08-16,287,1,323,5
383,42,29,7,1972-09-05,251,1,362,6
384,42,199,6,1987-06-20,499,1,204,7
385,33,891,11,1974-08-04,512,1,100,5
386,8,107,11,2010-08-22,335,0,120,10
387,96,459,14,2014-05-29,488,0,361,7
388,2,458,9,1991-04-16,393,1,197,7
389,90,48,2,2010-01-01,283,1,270,6
390,86,116,11,1994-03-31,529,1,303,10
391,89,572,2,1999-12-24,374,0,359,10
392,72,543,1,2008-10-10,599,0,214,7
393,28,632,0,2022-07-06,397,1,210,8
394,51,466,5,2009-08-17,320,0,177,8
395,43,9,9,1996-03-10,362,1,193,1
396,76,87,8,1991-07-24,397,1,370,2
397,84,507,6,1985-03-09,368,0,346,7
398,24,980,3,2002-08-30,364,1,278,4
399,88,109,6,1985-08-11,363,1,210,1
400,7,931,13,2004-06-18,210,1,217,3
401,11,190,12,1962-09-02,379,1,443,8
402,13,975,1,2022-01-23,384,1,174,8
403,67,92,4,2013-06-15,577,0,264,1
404,3,792,8,1965-03-03,447,0,39,4
405,42,90,10,1997-01-12,381,1,353,5
406,10,862,11,2011-05-15,452,1,312,9
407,5,228,13,1993-05-31,291,1,350,9
408,46,997,14,1948-12-30,401,0,478,2
409,85,905,7,2022-10-03,312,0,160,10
410,63,795,10,1989-04-22,345,0,79,3
411,66,867,9,2012-07-20,398,0,282,2
412,63,239,5,1931-09-14,528,0,308,5
413,73,609,4,1983-10-15,518,1,404,1
414,47,321,8,2008-04-08,518,1,275,10
415,23,404,11,1978-05-14,404,0,277,7
416,51,596,14,1965-03-24,403,1,250,1
417,68,944,9,2011-11-29,402,0,121,2
418,90,222,12,1995-04-23,542,1,341,9
419,66,613,2,2003-02-18,371,0,80,1
420,41,20,9,1993-12-28,388,1,141,8
421,98,75,6,2021-03-29,305,1,307,5
422,86,649,11,1988-09-19,498,1,278,6
423,30,260,9,1989-11-09,381,0,206,10
424,50,455,13,2002-09-13,421,0,170,5
425,74,42,11,2018-08-08,352,0,440,8
426,40,208,12,1969-05-14,517,1,219,6
427,0,131,12,2006-09-07,355,1,196,6
428,34,552,14,1948-01-12,447,0,202,9
429,75,219,14,2007-09-17,232,0,277,4
430,30,946,5,1926-07-19,566,1,171,1
431,48,5,5,1954-03-27,254,1,195,8
432,34,371,0,1981-12-11,481,0,347,1
433,94,317,10,1977-04-16,429,0,228,8
434,55,416,2,2021-05-29,443,1,375,7
435,54,204,9,1997-05-10,400,1,382,9
436,47,433,3,2022-04-17,329,1,131,10
437,34,457,13,2010-05-21,429,1,131,10
438,40,313,13,2009-05-01,363,1,439,2
439,49,217,0,1945-06-11,289,0,347,10
440,91,190,5,2000-04-26,493,1,326,8
441,68,854,13,1989-11-28,495,0,290,9
442,51,586,4,1978-11-29,275,0,197,3
443,2,879,9,2015-09-26,578,0,351,8
444,49,727,2,2004-06-12,467,0,210,6
445,44,190,7,1980-10-02,519,0,139,7
446,5,723,4,1987-09-29,545,1,292,1
447,71,646,7,1985-11-15,609,1,350,5
448,52,560,9,2002-07-24,293,1,156,3
449,0,49,2,2011-04-11,622,1,180,5
450,75,17,10,1958-03-27,380,1,341,3
451,79,899,14,1987-12-27,496,1,254,9
452,26,255,13,1975-08-19,449,1,184,6
453,54,995,7,1998-03-10,553,1,105,6
454,92,137,11,1968-04-26,219,0,157,5
455,86,151,3,2017-03-11,210,1,223,10
456,38,296,7,2010-04-20,457,0,110,2
457,28,85,14,1946-08-10,553,0,161,8
458,87,897,1,2014-07-20,327,1,211,5
459,6,653,1,2014-12-31,451,1,43,8
460,52,378,11,1997-12-30,370,0,278,7
461,17,37,9,2011-11-06,464,0,289,1
462,20,260,2,2005-01-21,355,0,336,3
463,17,312,14,2006-04-26,532,1,258,3
464,38,248,13,2005-07-04,351,1,370,6
465,53,689,5,2018-05-02,429,1,194,1
466,93,706,11,1991-08-10,475,1,343,7
467,86,918,7,1974-07-01,490,1,326,4
468,73,797,7,1986-04-02,493,1,173,1
469,70,316,3,1990-01-11,495,1,300,6
470,42,619,9,2006-07-09,328,1,158,3
471,97,445,0,1951-02-22,329,1,304,4
472,91,494,7,1972-08-01,443,0,299,7
473,96,40,3,2021-07-22,567,1,136,4
474,40,522,7,1972-04-04,217,0,356,8
475,90,977,14,1997-05-18,426,0,245,3
476,1,567,6,1977-09-03,588,1,331,2
477,58,421,5,1996-11-07,178,0,362,7
478,52,164,9,2006-05-05,359,0,283,2
479,16,701,8,2007-03-29,393,1,82,6
480,93,308,10,1953-04-05,273,0,147,6
481,75,126,12,2009-01-26,251,0,188,5
482,93,961,14,2015-01-10,462,1,380,8
483,31,74,1,2013-09-16,391,0,272,3
484,76,29,10,1990-01-31,296,1,347,1
485,80,732,8,1984-02-11,435,0,182,7
486,89,571,5,1930-01-21,470,0,202,2
487,17,964,0,1937-07-03,343,0,328,10
488,67,729,7,1998-05-30,345,1,325,3
489,93,723,11,2017-05-29,226,1,299,9
490,86,758,6,2005-11-01,230,0,285,9
491,30,801,3,2001-09-15,533,0,427,4
492,98,848,8,1955-11-26,452,1,221,8
493,11,653,11,1986-05-14,450,1,212,8
494,26,681,6,2005-10-31,358,1,291,2
495,78,459,1,2005-06-02,480,0,153,10
496,14,380,2,2006-12-17,200,0,387,3
497,96,184,7,1978-01-11,230,1,143,9
498,68,51,10,2004-12-03,388,1,305,9
499,18,625,6,1979-11-24,368,1,197,6
500,88,680,5,2008-10-19,261,1,346,10
501,94,48,9,1988-08-26,557,1,228,2
502,66,242,9,2012-11-28,403,1,241,1
503,36,523,14,2021-12-29,520,0,413,10
504,57,546,3,2005-10-16,200,1,277,10
505,52,772,8,2012-10-06,522,0,61,7
506,67,9,4,1996-06-17,419,0,215,3
507,30,678,14,1982-12-03,501,0,323,7
508,95,221,1,2006-04-10,502,0,364,2
509,44,473,5,1982-09-28,307,0,223,2
510,12,82,11,1987-02-09,539,1,342,2
511,35,20,0,2016-06-10,275,1,390,4
512,28,507,2,2010-12-11,440,1,316,6
513,1,613,9,2003-01-13,267,0,399,4
514,94,142,8,1984-12-10,525,1,334,2
515,87,94,5,1987-11-02,466,1,446,7
516,28,815,13,1988-02-19,290,1,239,1
517,43,588,9,2021-02-20,357,0,504,2
518,26,962,4,1963-11-12,375,1,196,2
519,23,602,9,1995-06-08,406,0,203,7
520,11,533,14,1972-12-08,373,1,297,8
521,36,889,12,1962-04-29,281,1,143,4
522,0,776,0,1916-05-31,433,1,238,8
523,87,913,13,1983-10-13,516,0,324,7
524,80,325,14,1955-04-20,401,0,361,2
525,79,337,10,2022-06-06,396,1,138,3
526,28,65,0,2002-01-03,362,1,236,9
527,70,529,9,1991-10-21,309,1,485,6
528,74,160,7,2019-09-06,354,1,196,3
529,12,312,5,1911-06-03,506,1,227,5
530,46,905,0,1987-11-23,388,0,279,6
531,4,394,5,1971-11-01,437,1,354,1
532,27,101,11,2021-11-13,281,0,192,10
533,45,958,0,1990-10-16,391,1,196,2
534,90,284,10,1947-03-02,288,1,214,10
535,30,368,7,1967-08-23,457,0,201,5
536,29,335,3,2013-02-03,329,1,154,1
537,40,569,5,1950-03-08,436,0,285,5
538,66,512,1,2017-10-05,389,0,224,8
539,90,305,0,2002-02-26,495,1,288,5
540,36,409,13,1964-03-20,439,1,297,10
541,48,446,9,1992-05-17,366,0,258,8
542,55,814,12,1960-02-13,440,0,276,8
543,13,510,7,2007-02-04,460,0,218,8
544,86,295,8,1978-08-08,203,1,137,3
545,76,642,11,2014-07-25,464,0,206,10
546,17,153,5,1960-09-30,364,0,277,4
547,69,765,4,1997-01-26,361,1,147,5
548,14,90,2,2004-08-07,354,1,182,4
549,68,332,7,2012-11-07,404,0,275,3
550,46,349,12,1988-12-08,440,0,101,7
551,71,806,9,2011-11-27,422,1,349,2
552,89,258,1,2021-11-27,383,0,314,1
553,93,635,10,2001-08-06,360,1,149,10
554,25,628,7,1992-10-09,353,0,323,1
555,57,602,13,1963-06-04,417,0,251,6
556,16,345,2,2010-02-17,189,0,315,6
557,96,661,6,2009-02-20,438,0,255,5
558,61,49,9,1987-11-19,351,1,185,8
559,78,705,7,1969-02-08,535,1,263,5
560,39,375,8,1972-10-06,434,0,279,10
561,98,105,10,1980-01-14,413,1,174,4
562,40,733,1,2009-07-20,398,1,241,6
563,51,904,12,2010-06-14,419,1,323,8
564,78,758,5,1983-04-14,415,0,276,7
565,39,351,11,1980-04-10,181,0,261,8
566,99,340,1,2021-04-28,359,0,330,10
567,46,886,5,1920-07-29,344,1,313,7
568,42,163,4,2005-01-12,316,0,0,7
569,34,182,2,2006-08-24,379,1,151,5
570,65,466,4,2013-01-24,344,0,70,5
571,75,856,14,2003-08-31,426,0,219,1
572,42,921,2,2012-10-01,472,1,0,9
573,10,60,0,1981-03-03,461,1,368,7
574,27,677,8,1964-12-15,434,0,316,5
575,81,662,12,1958-06-05,333,1,120,8
576,32,194,1,2007-04-11,436,0,154,3
577,34,467,12,1966-02-24,428,1,20,10
578,83,946,11,1992-12-03,356,0,176,3
579,49,663,7,1998-12-10,471,0,328,8
580,0,43,6,1984-11-15,392,0,245,3
581,88,732,1,2005-05-06,362,0,213,9
582,86,347,8,1972-03-17,500,1,125,8
583,5,930,2,2004-11-13,420,0,324,2
584,94,908,14,2012-12-24,358,0,385,10
585,71,787,0,1937-08-23,268,0,237,4
586,84,334,14,2019-01-23,352,1,262,4
587,0,392,0,1914-04-12,544,0,219,8
588,63,998,10,1978-09-23,517,0,180,3
589,77,973,4,2002-03-10,356,0,456,2
590,46,845,14,2019-05-12,387,0,304,4
591,74,19,12,1999-02-21,442,0,123,2
592,57,447,2,2015-12-28,535,1,119,4
593,57,352,8,1965-04-10,395,0,435,10
594,27,770,13,1980-01-30,447,1,264,8
595,68,910,8,1992-01-25,344,0,375,10
596,46,479,1,2002-09-15,360,1,405,5
597,80,907,1,2016-11-25,361,0,363,6
598,94,159,11,1963-02-07,196,1,113,8
599,60,283,9,1984-02-19,345,0,307,6
600,1,260,6,1997-08-09,451,1,224,5
601,14,515,4,1980-09-03,428,1,88,9
602,40,337,0,1975-07-15,559,1,247,1
603,84,823,12,1985-06-24,406,1,303,1
604,52,309,0,1975-06-04,409,1,220,9
605,63,706,14,1956-03-20,424,1,180,1
606,99,822,2,2015-03-29,499,1,288,1
607,50,170,2,1998-01-14,390,0,270,3
608,92,302,12,1964-05-07,225,1,253,8
609,96,757,5,1987-04-15,313,1,339,1
610,66,279,13,1990-04-24,601,1,332,5
611,59,738,7,2011-08-24,382,1,179,5
612,9,947,6,2011-09-04,400,1,198,5
613,63,859,14,1979-05-23,536,1,275,10
614,47,230,6,1995-01-07,207,0,286,1
615,14,216,1,2008-05-14,404,1,67,9
616,75,457,3,1981-05-16,497,1,263,3
617,46,731,12,1965-12-22,341,1,242,10
618,15,568,10,1960-08-27,323,0,295,8
619,69,696,0,2004-01-23,488,1,141,8
620,99,357,12,2000-11-01,276,1,438,2
621,49,720,6,2003-05-20,619,0,261,5
622,7,350,14,1994-05-05,498,1,60,5
623,8,500,12,1993-02-13,563,0,247,10
624,69,635,11,2005-05-31,610,0,50,9
625,58,963,13,1952-02-14,441,1,324,6
626,10,527,12,1965-03-25,432,0,337,4
627,62,500,4,1982-05-20,413,1,217,9
628,89,178,11,1996-11-16,352,0,115,7
629,73,955,4,1972-09-28,285,0,313,1
630,74,740,4,2006-02-23,451,0,159,2
631,50,866,7,2003-05-11,345,0,337,4
632,5,213,11,1994-07-10,231,1,250,2
633,31,588,9,2014-11-07,411,1,107,3
634,20,482,2,2014-09-13,413,0,115,1
635,99,877,13,2005-08-11,259,1,413,3
636,99,862,9,2004-05-05,395,0,355,10
637,35,16,14,2010-10-19,475,1,210,9
638,15,992,12,2022-11-23,345,1,111,3
639,29,967,6,2022-02-21,233,1,252,10
640,18,646,1,2012-04-14,303,1,304,5
641,72,204,13,1968-01-22,385,0,232,10
642,20,784,0,1914-01-19,288,1,309,8
643,96,742,6,2017-07-09,478,1,301,6
644,28,302,3,2007-01-31,347,0,424,6
645,50,972,8,1965-04-27,483,0,203,4
646,4,329,3,2012-12-22,462,1,137,7
647,21,718,8,2009-04-24,179,1,376,5
648,12,679,3,1992-05-24,338,1,125,8
649,4,920,4,2022-03-02,189,1,324,7
650,69,20,11,1986-12-26,481,1,316,6
651,81,115,5,1932-10-10,496,1,261,8
652,76,505,13,1998-02-10,601,0,302,3
653,33,785,2,2001-08-23,535,0,334,5
654,96,310,14,1970-06-20,539,1,348,3
655,16,786,12,1985-02-11,477,0,363,8
656,59,112,3,2012-10-04,347,0,274,8
657,91,914,7,1968-02-15,328,1,245,9
658,81,753,9,2005-09-20,430,0,179,8
659,72,264,7,2015-02-10,610,0,151,2
660,0,664,11,1996-02-02,577,1,252,8
661,6,808,0,1954-03-07,324,0,266,5
662,16,128,8,1951-08-24,256,1,305,10
663,80,130,8,1976-09-16,292,0,25,5
664,13,895,4,1952-09-30,491,1,200,7
665,9,526,14,1956-01-22,322,1,145,8
666,4,608,12,1971-07-02,430,0,36,10
667,9,502,6,2008-02-16,518,0,1,4
668,73,30,14,2013-09-15,279,0,279,5
669,94,902,8,2017-02-14,209,0,256,8
670,45,832,12,2016-08-29,513,1,234,2
671,37,295,2,2003-06-23,542,0,255,4
672,75,871,14,2017-05-09,290,0,99,10
673,38,892,11,2009-12-29,439,1,376,1
674,10,52,2,2009-10-03,476,0,429,10
675,23,18,10,1991-02-21,394,1,255,6
676,94,268,0,1919-01-16,631,1,204,9
677,79,386,11,2007-02-25,487,1,307,7
678,25,166,2,2004-06-20,490,0,290,5
679,29,213,14,1996-08-23,468,0,242,2
680,64,427,11,2022-08-05,361,0,233,6
681,73,451,7,1967-07-06,592,1,109,3
682,60,506,7,1985-11-24,464,1,303,2
683,78,142,8,2016-02-21,391,0,280,8
684,89,592,7,1968-01-10,527,1,360,9
685,91,339,11,2022-06-01,382,1,350,1
686,5,302,3,2014-01-27,243,0,367,9
687,78,858,11,1977-06-30,434,0,245,9
688,89,999,2,2009-10-07,531,0,141,5
689,72,72,3,1989-07-06,260,1,149,4
690,33,178,5,1975-04-15,308,1,215,8
691,86,621,14,2007-08-21,327,0,292,4
692,85,984,0,1918-07-30,320,0,334,6
693,39,740,10,1995-03-29,495,1,341,7
694,9,655,10,2009-05-21,530,0,250,2
695,91,952,11,1988-10-07,381,0,275,3
696,7,649,8,2008-03-11,118,0,323,8
697,40,384,8,2006-03-22,539,0,65,2
698,95,162,9,1993-11-19,437,1,408,6
699,32,131,4,1988-06-07,374,0,191,7
700,4,400,0,1969-10-07,313,0,293,2
701,32,426,2,2004-12-09,512,1,105,1
702,95,200,12,2000-02-28,324,0,311,9
703,73,959,7,1985-01-13,446,0,248,5
704,33,573,4,1975-08-25,416,0,59,4
705,89,670,1,2013-01-18,286,1,383,7
706,68,999,3,1989-12-25,536,0,227,4
707,68,233,12,1984-05-30,429,0,272,2
708,68,530,10,1952-12-25,553,1,202,9
709,60,932,0,1975-12-26,258,1,350,9
710,26,882,13,2014-01-07,329,1,305,10
711,83,36,4,1964-08-30,446,1,381,3
712,3,450,2,2003-07-30,195,1,480,6
713,21,378,4,2011-09-14,294,0,365,10
714,31,227,7,1985-06-08,490,1,396,4
715,93,561,6,1987-04-08,487,0,261,7
716,16,369,14,2010-07-28,432,1,430,5
717,86,957,4,1965-03-27,355,1,299,5
718,2,790,14,1953-09-30,363,0,338,2
719,61,284,12,1975-10-30,444,1,181,4
720,56,350,7,1987-03-19,442,1,262,4
721,98,796,9,1994-09-28,417,0,178,6
722,32,514,3,2000-08-25,461,1,205,8
723,48,879,5,1991-09-28,316,0,237,8
724,25,255,5,1970-05-29,528,1,87,3
725,45,385,14,2012-12-12,264,1,273,2
726,67,718,2,2004-11-11,550,0,257,8
727,34,876,6,1998-05-12,309,1,115,6
728,78,744,11,2018-08-04,352,1,266,5
729,87,805,4,1982-12-11,514,0,263,9
730,21,28,1,2022-06-02,412,1,137,4
731,83,101,9,2015-02-25,462,1,171,3
732,82,384,14,1949-08-24,509,1,263,2
733,62,781,3,2007-03-21,456,1,100,10
734,67,884,13,1959-09-01,270,0,239,6
735,46,722,8,1989-03-17,543,1,315,5
736,96,517,0,1977-12-01,468,1,254,10
737,88,63,5,2021-05-14,550,0,283,10
738,63,839,9,1994-07-23,495,0,336,6
739,80,272,14,2007-09-02,253,0,203,9
740,67,247,7,2012-08-30,352,1,136,10
741,97,914,10,1998-02-07,427,1,293,5
742,3,728,14,1953-04-23,293,1,7,8
743,12,225,7,2020-12-22,517,1,129,9
744,63,237,5,1999-11-29,472,0,212,3
745,57,505,3,1995-11-04,600,0,71,5
746,49,94,13,2010-08-25,430,0,181,2
747,50,917,7,2003-12-05,146,0,205,2
748,3,547,3,2018-05-13,400,0,186,1
749,88,618,9,2015-01-04,600,1,254,2
750,33,512,8,1977-01-28,409,0,96,6
751,46,697,3,2013-08-10,302,0,280,9
752,63,18,6,2004-11-08,589,1,398,10
753,76,919,3,2021-01-27,459,0,181,7
754,50,186,11,1971-06-11,278,0,362,3
755,89,253,13,1986-04-02,280,0,176,2
756,5,454,12,2002-01-28,522,1,150,8
757,63,390,8,2007-04-19,377,1,281,8
758,91,671,8,1989-11-24,524,1,251,5
759,65,174,10,2012-12-25,189,0,197,3
760,71,771,3,1987-06-17,470,0,331,9
761,17,0,1,2020-06-21,184,0,230,9
762,39,578,9,1997-05-02,368,1,129,10
763,77,784,13,1983-03-04,439,0,191,4
764,76,497,3,1986-01-25,573,1,292,8
765,20,96,7,2009-08-28,423,1,250,1
766,95,632,11,1973-07-28,360,0,317,7
767,6,885,4,1967-02-23,343,0,400,3
768,81,328,4,2007-01-20,350,1,157,8
769,22,621,2,2009-04-19,369,1,328,7
770,33,759,1,2013-05-23,496,0,195,10
771,69,958,8,2006-09-03,397,0,501,9
772,48,135,11,1995-08-15,705,1,403,10
773,7,332,13,1965-03-01,367,1,232,8
774,86,551,11,1997-04-13,467,1,408,9
775,60,178,9,1988-11-15,312,0,244,1
776,5,184,10,2020-07-23,373,1,192,6
777,16,812,9,2002-01-10,286,1,245,3
778,39,508,2,2021-04-01,597,1,189,8
779,62,466,2,2009-07-19,397,0,232,5
780,72,846,7,1970-04-27,583,1,28,10
781,17,401,2,2007-09-16,352,1,117,10
782,5,82,10,2010-07-07,353,1,160,3
783,77,255,6,2017-11-27,397,1,71,2
784,31,927,10,1986-04-07,403,1,335,3
785,36,566,13,2019-02-20,465,0,265,10
786,72,773,6,1995-06-06,613,1,149,3
787,74,505,13,1988-08-18,339,0,281,2
788,88,885,10,1978-05-06,490,0,340,2
789,55,226,7,1999-04-18,495,0,290,7
790,99,884,13,2002-05-31,356,0,346,4
791,22,462,13,1993-02-27,311,1,452,8
792,56,621,10,1969-05-24,394,0,312,7
793,98,267,2,2012-04-16,310,1,147,6
794,81,642,9,2022-05-29,164,1,122,3
795,19,294,2,2020-01-07,327,1,288,10
796,44,311,7,1997-01-13,586,0,349,8
797,3,249,5,1948-01-01,195,0,321,1
798,91,609,2,2013-08-28,309,0,328,3
799,51,479,9,1994-01-28,418,1,296,5
800,66,253,7,2007-07-29,309,1,324,4
801,62,772,14,1980-11-12,331,0,184,9
802,11,176,14,2022-09-10,466,1,288,3
803,62,845,4,1983-04-04,425,0,17,3
804,70,448,13,1974-11-01,416,1,236,3
805,0,502,7,1972-05-16,488,0,268,4
806,91,349,10,1994-06-11,553,1,145,8
807,33,33,9,1987-02-13,193,1,139,4
808,6,726,7,1986-10-09,431,1,304,10
809,43,906,9,1996-09-04,444,0,405,8
810,91,338,5,1929-11-30,500,1,321,4
811,40,360,4,1955-12-21,64,1,248,8
812,33,279,8,1965-02-28,405,0,163,9
813,43,680,13,1972-04-22,426,0,223,3
814,51,627,3,2003-01-30,358,0,189,7
815,6,893,1,2014-11-07,361,0,98,2
816,12,121,2,2017-10-07,382,1,233,9
817,53,621,8,2004-01-15,418,0,294,4
818,85,802,9,2021-05-14,229,0,314,6
819,89,620,10,1969-07-21,449,0,303,6
820,5,962,5,1917-09-13,368,1,205,6
821,53,636,4,1981-05-09,488,1,288,3
822,94,529,3,1981-04-22,289,0,45,10
823,62,591,10,1990-07-03,287,1,229,10
824,5,37,11,1962-06-12,432,1,284,9
825,81,359,2,2006-06-21,491,0,343,2
826,55,71,3,1980-09-08,401,1,441,3
827,26,349,1,2006-08-20,479,0,105,5
828,9,551,8,1976-01-01,483,0,236,3
829,13,35,13,2015-03-19,309,0,422,9
830,39,1,12,1969-01-14,589,1,183,2
831,52,882,0,1990-08-22,311,1,257,7
832,66,454,2,2003-08-16,373,0,234,10
833,29,875,4,2009-11-20,393,0,246,10
834,20,66,7,1991-11-01,548,0,113,10
835,11,801,4,1991-05-16,369,1,98,3
836,20,60,11,2020-01-16,393,1,322,7
837,95,833,2,2010-12-09,484,0,143,10
838,85,208,13,1964-03-14,462,0,78,5
839,95,809,6,2009-08-17,643,1,285,2
840,30,910,6,2008-12-21,367,1,97,2
841,76,874,13,2005-12-02,329,1,106,8
842,24,839,2,2012-01-16,375,1,338,4
843,85,553,7,2012-03-16,321,0,123,8
844,53,792,8,1967-06-09,386,0,223,9
845,64,123,3,1993-06-03,488,0,343,4
846,61,764,2,2021-08-31,322,1,351,9
847,34,450,11,1991-05-05,500,1,271,4
848,23,440,2,2000-11-25,482,0,205,3
849,36,203,9,1998-03-12,503,0,362,10
850,22,33,2,2015-06-10,425,1,177,7
851,41,61,0,1943-03-12,376,0,239,3
852,60,447,9,2007-06-08,428,1,268,5
853,6,189,13,2012-10-22,432,0,243,8
854,66,87,13,2018-06-22,322,0,234,9
855,84,82,2,1999-04-27,611,0,98,5
856,54,990,6,1984-11-16,286,1,273,7
857,98,749,5,1909-12-22,373,0,348,7
858,50,509,4,1996-01-21,466,1,301,6
859,54,39,10,1946-04-10,368,1,218,1
860,25,182,2,2019-10-07,426,1,200,8
861,20,924,3,1989-09-27,430,1,303,9
862,9,153,1,2014-09-06,359,0,112,3
863,45,735,7,1975-08-11,332,0,243,4
864,23,877,2,2018-01-05,393,1,380,2
865,62,964,12,2014-08-30,503,1,178,7
866,30,234,12,2016-05-05,337,0,283,8
867,31,404,0,1976-08-12,452,0,92,2
868,37,886,0,2015-03-22,358,1,315,3
869,59,561,6,2009-04-21,455,0,348,7
870,56,475,11,2007-11-24,383,1,220,5
871,30,573,1,2020-02-29,408,0,370,8
872,23,515,4,1975-12-16,524,1,134,1
873,22,926,10,1959-11-05,377,1,291,8
874,42,40,1,2001-07-14,255,0,403,4
875,26,52,3,2022-03-09,395,0,373,8
876,84,141,7,2003-10-10,549,1,364,4
877,52,408,3,2021-04-14,341,1,239,8
878,34,560,10,1944-03-08,542,1,97,1
879,73,716,11,2011-06-21,201,1,297,8
880,22,638,0,1916-05-23,192,0,293,7
881,98,421,5,2021-08-04,435,0,276,10
882,26,652,9,2020-02-25,439,1,261,7
883,24,918,13,1955-10-20,462,0,308,9
884,16,52,8,1996-02-01,358,1,203,2
885,90,746,14,1989-09-05,341,0,185,6
886,5,921,4,2009-03-04,437,1,153,1
887,42,441,12,1959-03-26,417,0,289,6
888,24,672,5,1933-03-15,493,0,182,1
889,25,856,6,2000-03-17,436,1,335,2
890,39,688,14,1995-09-02,381,1,256,5
891,2,80,10,1988-08-28,361,1,245,2
892,58,366,10,1975-08-01,344,1,269,4
893,12,360,14,1953-12-22,551,1,178,7
894,84,75,9,2000-05-20,526,0,363,9
895,72,347,11,1966-01-15,444,1,252,2
896,3,235,8,2005-05-16,410,0,293,4
897,98,161,10,1957-08-30,295,0,37,5
898,95,561,14,1978-06-21,627,1,300,3
899,52,642,3,2016-10-22,496,1,245,1
900,71,446,7,2008-10-21,572,1,169,7
901,55,970,7,2015-09-30,358,1,227,2
902,42,319,3,2015-12-24,350,0,172,6
903,77,972,5,1957-03-08,308,0,139,4
904,34,118,3,2001-02-20,428,0,413,4
905,40,904,14,2004-09-26,388,1,211,7
906,98,282,9,1988-01-14,335,0,79,10
907,82,465,14,1991-05-13,511,1,225,5
908,99,450,3,1987-04-01,344,1,163,8
909,68,393,10,1943-06-12,362,1,38,10
910,8,791,5,1947-04-22,532,0,392,1
911,73,144,7,2009-12-22,352,0,23,8
912,40,145,12,1981-02-08,469,0,95,6
913,0,645,14,1997-11-28,566,1,121,1
914,93,461,7,2005-01-08,203,1,357,8
915,4,925,5,1948-05-22,458,1,124,4
916,62,792,11,1966-05-18,334,0,230,10
917,41,679,13,1950-06-01,389,0,328,10
918,63,135,2,2000-04-29,478,0,216,6
919,65,571,10,1991-10-14,313,0,272,2
920,10,176,12,1973-01-21,290,1,270,7
921,92,199,5,1921-12-08,488,1,65,5
922,23,91,6,2001-04-24,288,1,335,1
923,42,119,6,2015-12-19,374,1,299,10
924,26,362,8,1961-04-20,423,1,318,9
925,3,394,9,1983-12-04,491,0,449,5
926,61,193,0,2013-01-21,498,0,368,9
927,63,532,2,2009-05-17,412,0,293,4
928,46,432,10,1991-05-13,543,0,335,5
929,23,572,13,2015-02-12,421,0,445,2
930,99,777,6,1999-06-13,404,0,203,3
931,2,679,14,1959-07-29,366,1,170,4
932,71,301,9,2019-05-20,476,1,165,5
933,62,110,12,1993-02-10,396,1,287,6
934,99,289,2,2007-07-05,589,0,282,8
935,99,493,9,2006-05-30,428,1,188,4
936,76,590,0,1985-09-26,473,0,314,5
937,34,47,7,1995-01-02,431,1,467,3
938,16,346,10,1983-11-09,400,1,211,7
939,7,898,5,1949-01-07,334,0,310,6
940,54,345,7,2022-03-09,526,1,218,8
941,7,343,0,2001-05-01,435,1,170,4
942,19,590,10,1976-01-11,462,1,253,2
943,57,84,1,2001-11-02,524,0,376,2
944,27,997,1,2012-06-01,277,0,412,4
945,79,318,10,1963-10-08,330,0,191,4
946,77,835,0,1984-09-27,439,1,197,6
947,33,750,13,1982-06-11,479,0,243,7
948,29,255,9,1994-01-25,427,1,388,2
949,54,735,3,2001-12-24,484,0,224,7
950,83,400,1,2001-11-17,516,1,210,3
951,47,335,1,2006-06-26,371,1,119,8
952,54,728,11,1995-07-19,559,1,170,5
953,15,577,8,2022-10-11,346,1,238,2
954,94,404,8,2002-06-13,493,0,124,10
955,74,545,0,1976-04-21,415,1,196,9
956,53,539,13,1957-02-28,401,1,242,10
957,26,872,4,2008-04-13,376,1,50,6
958,97,279,6,1977-05-30,386,0,283,3
959,63,924,5,1927-01-02,361,1,61,10
960,73,803,11,1984-07-30,293,1,192,2
961,1,536,13,1980-03-19,305,0,89,5
962,65,506,1,2013-08-30,495,1,392,7
963,92,635,5,1944-04-26,530,1,173,10
964,23,415,3,1976-03-20,431,0,264,6
965,20,354,0,1960-08-20,303,1,173,8
966,54,5,11,1973-05-18,343,0,259,9
967,69,812,13,1953-06-14,399,0,312,4
968,6,333,7,1985-10-11,445,1,218,4
969,46,771,9,1984-08-01,357,0,420,7
970,69,591,3,1985-08-28,432,1,292,9
971,93,742,14,2001-01-13,561,1,205,2
972,52,324,2,2002-03-03,444,0,219,9
973,35,873,11,2019-03-08,382,1,234,6
974,72,23,12,2011-05-08,493,1,334,6
975,87,95,14,1949-06-19,428,1,362,7
976,23,471,6,2003-06-29,504,1,255,9
977,44,396,10,2003-10-25,334,1,287,9
978,10,16,1,2008-06-10,543,0,297,8
979,25,519,3,2000-04-21,474,1,37,6
980,19,166,14,2002-07-29,388,0,489,7
981,53,445,2,2004-03-03,253,0,345,9
982,18,922,11,1976-03-07,438,1,193,6
983,39,365,14,1968-07-25,314,0,108,7
984,98,349,9,2015-11-07,432,0,280,6
985,84,925,14,2018-06-01,269,0,407,1
986,53,209,8,1990-11-06,85,1,196,3
987,75,192,9,2007-05-28,254,1,7,9
988,42,178,10,1962-10-31,435,1,280,3
989,65,614,0,1943-06-14,443,1,321,4
990,75,310,2,1999-10-14,397,0,294,1
991,71,687,4,1975-02-08,388,0,462,6
992,25,705,13,1997-04-13,415,0,290,8
993,26,995,2,2008-02-17,443,1,437,7
994,72,43,1,2020-01-29,250,0,284,9
995,50,475,2,2015-12-17,354,0,220,1
996,73,42,13,1992-11-12,493,1,347,6
997,23,467,4,2003-09-29,466,0,270,10
998,24,55,11,2011-10-06,302,0,68,3
999,97,911,1,2003-07-30,445,1,364,6
